<application>
  <component name="DimensionService">
    <size key="GridCell.Tab.0.left.0.0.3440.1440" width="1538" height="287" />
    <size key="GridCell.Tab.0.center.0.0.3440.1440" width="1538" height="287" />
    <size key="GridCell.Tab.0.right.0.0.3440.1440" width="1538" height="287" />
    <size key="GridCell.Tab.0.bottom.0.0.3440.1440" width="1538" height="287" />
    <size key="GridCell.Tab.0.left.0.0.3440.1440@120dpi" width="1818" height="294" />
    <size key="GridCell.Tab.0.center.0.0.3440.1440@120dpi" width="1818" height="294" />
    <size key="GridCell.Tab.0.right.0.0.3440.1440@120dpi" width="1818" height="294" />
    <size key="GridCell.Tab.0.bottom.0.0.3440.1440@120dpi" width="1818" height="294" />
    <size key="GridCell.Tab.0.left.0.0.1920.1080@120dpi" width="1818" height="270" />
    <size key="GridCell.Tab.0.center.0.0.1920.1080@120dpi" width="1818" height="270" />
    <size key="GridCell.Tab.0.right.0.0.1920.1080@120dpi" width="1818" height="270" />
    <size key="GridCell.Tab.0.bottom.0.0.1920.1080@120dpi" width="1818" height="270" />
    <size key="GridCell.Tab.0.left.3440.158.1920.1080@120dpi" width="1818" height="294" />
    <size key="GridCell.Tab.0.center.3440.158.1920.1080@120dpi" width="1818" height="294" />
    <size key="GridCell.Tab.0.right.3440.158.1920.1080@120dpi" width="1818" height="294" />
    <size key="GridCell.Tab.0.bottom.3440.158.1920.1080@120dpi" width="1818" height="294" />
  </component>
  <component name="WindowManager">
    <frame x="678" y="343" width="1728" height="1056" extendedState="6" fullScreen="true" />
  </component>
  <component name="WindowStateApplicationService">
    <state width="525" height="171" key="ShowUsagesActions.dimensionServiceKey" timestamp="1728369730693">
      <screen x="0" y="25" width="1920" height="984" />
    </state>
    <state width="525" height="171" key="ShowUsagesActions.dimensionServiceKey/-1728.38.1728.1079/1920.25.1920.1055/0.25.1920.984" timestamp="1728369730693" />
  </component>
</application>