<keymap version="1" name="MyVSCode (macOS)" parent="VSCode OSX">
  <action id="Back">
    <keyboard-shortcut first-keystroke="alt left" />
  </action>
  <action id="EditorIncreaseFontSize">
    <keyboard-shortcut first-keystroke="meta plus" />
  </action>
  <action id="EditorLineEnd">
    <keyboard-shortcut first-keystroke="ctrl e" />
    <keyboard-shortcut first-keystroke="end" />
  </action>
  <action id="EditorLineStart">
    <keyboard-shortcut first-keystroke="ctrl a" />
    <keyboard-shortcut first-keystroke="home" />
  </action>
  <action id="EditorNextWord">
    <keyboard-shortcut first-keystroke="meta right" />
  </action>
  <action id="EditorPreviousWord">
    <keyboard-shortcut first-keystroke="meta left" />
  </action>
  <action id="Forward">
    <keyboard-shortcut first-keystroke="alt right" />
  </action>
  <action id="NavBar-selectHome">
    <keyboard-shortcut first-keystroke="ctrl a" />
    <keyboard-shortcut first-keystroke="home" />
  </action>
  <action id="NextSplitter" />
  <action id="NextTab">
    <keyboard-shortcut first-keystroke="alt tab" />
  </action>
  <action id="PrevSplitter" />
  <action id="PreviousTab">
    <keyboard-shortcut first-keystroke="shift alt tab" />
  </action>
  <action id="Terminal.NextSplitter" />
  <action id="Terminal.PrevSplitter" />
  <action id="TerminalIncreaseFontSize">
    <keyboard-shortcut first-keystroke="meta plus" />
  </action>
</keymap>